{
  "model": "piecewise",
  "bin_edges": [
    0.0,
    25.0,
    50.0,
    100.0,
    200.0,
    300.0,
    500.0,
    null
  ],
  "table": [
    [
      0.2925119881962375,
      0.25898078529657476
    ],
    [
      0.27285974499089255,
      0.2711726384364821
    ],
    [
      0.2870022539444027,
      0.23299692847740236
    ],
    [
      0.25532147145508133,
      0.24648896531957581
    ],
    [
      0.22130365659777423,
      0.19129158512720157
    ],
    [
      0.14899076291481356,
      0.1310344827586207
    ],
    [
      0.0581270182992465,
      0.0625
    ]
  ],
  "counts": [
    [
      2706,
      1192
    ],
    [
      2740,
      1223
    ],
    [
      5319,
      2274
    ],
    [
      9156,
      3484
    ],
    [
      6285,
      2039
    ],
    [
      5841,
      1300
    ],
    [
      1853,
      251
    ]
  ],
  "cv_brier": 0.17354567859727624,
  "cv_brier_alt": 0.2317850045358258,
  "n_train": 45663,
  "train_cutoff": "2022-11-20",
  "prior_draw": 1.0,
  "prior_nondraw": 4.0
}