{
  "coef_": [
    [
      0.003326586176870904,
      -0.6121730785031251,
      0.00013675840866114573
    ],
    [
      -0.00014679010910399087,
      -0.05541460701715249,
      0.00028056497183010924
    ],
    [
      -0.0031797960677072946,
      0.6675876855202659,
      -0.0004173233804723345
    ]
  ],
  "intercept_": [
    0.8345634852708318,
    -0.19017649635283818,
    -0.6443869889164614
  ],
  "classes_": [
    0,
    1,
    2
  ],
  "feature_names": [
    "signed_gap",
    "is_neutral",
    "signed_gap_x_is_neutral"
  ],
  "fitted_on_n_matches": 45663,
  "training_cutoff_date": "2022-11-20",
  "cv_brier_multinomial": 0.5150339256652434,
  "cv_logloss_multinomial": 0.8753034850362368,
  "cv_brier_piecewise_v2": 0.5156350867851421,
  "cv_logloss_piecewise_v2": 0.8794195474315013
}